timestamp,source_ip
1,192.168.1.101
2,192.168.1.102
3,192.168.1.103
4,192.168.1.104
5,192.168.1.105
6,192.168.1.106
7,192.168.1.101
8,192.168.1.107
9,192.168.1.108
10,192.168.1.102
11,192.168.1.109
12,192.168.1.110
13,192.168.1.103
14,192.168.1.104
15,192.168.1.111
16,192.168.1.112
17,192.168.1.105
18,192.168.1.106
19,192.168.1.107
20,192.168.1.108
21,192.168.1.109
22,192.168.1.110
23,192.168.1.111
24,192.168.1.112
25,192.168.1.101
26,192.168.1.102
27,192.168.1.103
28,192.168.1.104
29,192.168.1.105
30,192.168.1.106
31,10.0.0.1
32,10.0.0.1
33,10.0.0.1
34,10.0.0.1
35,10.0.0.1
36,10.0.0.1
37,10.0.0.1
38,10.0.0.1
39,10.0.0.1
40,10.0.0.1
41,10.0.0.2
42,10.0.0.2
43,10.0.0.2
44,10.0.0.2
45,10.0.0.2
46,10.0.0.2
47,10.0.0.2
48,10.0.0.2
49,10.0.0.1
50,10.0.0.1
51,10.0.0.1
52,10.0.0.1
53,10.0.0.1
54,10.0.0.1
55,10.0.0.1
56,10.0.0.2
57,10.0.0.2
58,10.0.0.2
59,10.0.0.2
60,10.0.0.3
61,10.0.0.3
62,10.0.0.3
63,10.0.0.3
64,10.0.0.3
65,10.0.0.3
66,10.0.0.3
67,192.168.1.107
68,192.168.1.108
69,192.168.1.109
70,10.0.0.1
71,10.0.0.1
72,10.0.0.1
73,10.0.0.1
74,10.0.0.2
75,10.0.0.2
76,10.0.0.2
77,10.0.0.2
78,10.0.0.3
79,10.0.0.3
80,10.0.0.3
81,10.0.0.4
82,10.0.0.4
83,10.0.0.4
84,10.0.0.4
85,10.0.0.4
86,10.0.0.4
87,10.0.0.4
88,10.0.0.4
89,192.168.1.110
90,192.168.1.111
91,192.168.1.112
92,192.168.1.101
93,192.168.1.102
94,10.0.0.1
95,10.0.0.1
96,10.0.0.1
97,10.0.0.2
98,10.0.0.2
99,10.0.0.2
100,10.0.0.3
101,10.0.0.3
102,10.0.0.3
103,10.0.0.4
104,10.0.0.4
105,10.0.0.4
106,10.0.0.1
107,10.0.0.1
108,10.0.0.1
109,10.0.0.2
110,10.0.0.2
111,10.0.0.2
112,10.0.0.3
113,10.0.0.3
114,10.0.0.3
115,10.0.0.4
116,10.0.0.4
117,10.0.0.4
118,10.0.0.5
119,10.0.0.5
120,10.0.0.5
121,10.0.0.5
122,10.0.0.5
123,10.0.0.5
124,10.0.0.5
125,10.0.0.5
126,192.168.1.103
127,192.168.1.104
128,192.168.1.105
129,192.168.1.106
130,192.168.1.107
